2024-01-20 09:20:11.638603,今日は、新たな始まりであり、可能性に満ちた1日である。
2024-01-20 09:20:11.733533,今日は雨降りで、外出には傘が必要です。
2024-01-20 09:20:12.403477,今日は素晴らしい一日。太陽は輝いていて、鳥は歌い、花は咲いている。
2024-01-20 09:20:12.908376,雨の日は、しっとりとした空気が心地よく、心落ち着く一日です。
2024-01-20 09:20:12.928490,雨が降り注ぎ、世界は濡れたキャンバスに。
2024-01-20 09:20:13.662790,空から水滴が降り注ぎ、世界は濡れている。
2024-01-20 09:20:13.722473,雨の日、しとしとと雨が降り注ぐ。
2024-01-20 09:20:14.217450,空から雨が降り注ぐ、しっとりとした一日。
2024-01-20 09:20:14.342182,雨模様、傘の準備を。
2024-01-20 09:20:15.644919,雨粒が降り注ぐ、しっとりとした一日。
2024-01-20 09:20:25.327600,悲しみに暮れる人々は、暗いトンネルに閉じ込められ、出口を見つけられないように感じる。
2024-01-20 09:20:26.063547,悲しみに沈む、涙が溢れる、心は重く、希望を失う。
2024-01-20 09:20:26.109914,悲しみは重荷だが、それは愛の前触れである。
2024-01-20 09:20:26.886598,悲しみは心の痛みに満ちた感情であり、しばしば喪失や失敗によって引き起こされる。
2024-01-20 09:20:26.889613,悲しみの海に沈み、光を求めてもがき苦しむ心。
2024-01-20 09:20:27.470685,悲しみを打ち明けて、心の荷物を軽くしよう。
2024-01-20 09:20:27.834982,悲しみを打ち明けることで、心が楽になり、解決の糸口が見えてくる。
2024-01-20 09:20:27.883092,涙とともに語る悲しみが胸を締め付ける。
2024-01-20 09:20:28.339018,悲しみを打ち明ければ、心が軽くなる。
2024-01-20 09:20:29.096594,悲しみを言葉にして吐き出すことで、心が軽くなる。
2024-01-20 09:20:29.540930,悲しみが降り注ぐ中、言葉が雨のように流れ出る。
2024-01-20 09:20:29.958549,悲しみに暮れる気持ちを打ち明けて話すことで、心が軽くなり、癒される。
2024-01-20 09:20:30.221875,悲しみを雨に語りかけ、心を癒す。
2024-01-20 09:20:30.560936,雨に濡れながら、悲しみを打ち明ける。
2024-01-20 09:20:30.991944,雨の日に悲しみを打ち明けることで、心が軽くなる。
2024-01-20 09:20:31.062688,悲しみを打ち明け、雨のように涙が流れる。
2024-01-20 09:20:31.941980,雨の日に悲しみを語り合うことで、心が晴れる。
2024-01-20 09:20:32.973177,雨の日に悲しみに暮れ、誰かに話したい気持ちです。
2024-01-20 09:20:33.233343,雨の日に悲しみを打ち明け、心もすっきり。
2024-01-20 09:20:33.235427,雨のように悲しみに暮れ、誰かに話してみたくなった。
2024-01-20 09:20:33.235599,雨の中、悲しみを打ち明けたら楽になる。
2024-01-20 09:20:33.789039,雨に濡れた悲しみを、友人に打ち明ける。
2024-01-20 09:20:35.061855,雨の中、悲しみを友に語り、店じまいをする。
2024-01-20 09:20:35.133906,悲しみに沈んだ話で雨の日、私はAという人物と会話をしました。
2024-01-20 09:20:35.194458,閉店、雨、悲しみの会話。
2024-01-20 09:20:35.623034,雨の中、閉店した店で悲しみを語る。
2024-01-20 09:20:36.315062,雨降りで閉店、悲しみを話しましょう。
2024-01-20 09:20:36.523125,雨の日に悲しみに沈み、話す気にもなれず、店を閉じています。
2024-01-20 09:20:36.864938,雨の日に、悲しみを話してみてはいかがでしょうか。
2024-01-20 09:20:37.328336,雨で閉店、悲しみに話しかける私。
2024-01-20 09:20:37.373563,雨の日は閉店中。悲しみに暮れて話してみて。
2024-01-20 09:20:37.422372,雨の日の閉店、悲しみに沈む私。
2024-01-20 09:20:38.139378,雨で閉店。悲しみは言葉に。
2024-01-20 09:20:38.666082,雨で店を閉じて、悲しみを話しました。
2024-01-20 09:20:38.765668,雨で閉店中、悲しみを話せば気持ちも晴れるかも。
2024-01-20 09:20:39.633498,雨のため閉店中、悲しみを語る。
2024-01-20 09:20:39.729573,雨で悲しみ、閉店中。雨よ、やんでおくれ。
2024-01-20 09:20:39.967712,雨で閉店中。悲しんで話してみよう。
2024-01-20 09:20:40.045741,雨で悲しんでいる人が閉店している。
2024-01-20 09:20:40.174199,雨なので悲しみにより閉店したが、今も雨が降っている。
2024-01-20 09:20:40.510516,悲しみの雨で閉店中。
2024-01-20 09:20:41.156169,雨のため閉店のお知らせ。
2024-01-20 09:20:41.683576,雨で閉店、悲しい話をするつもりだったけど、間違えた。
2024-01-20 09:26:38.853887,ロボットは人間社会に浸透し、生活や仕事を支える存在となる。
2024-01-20 09:27:57.151807,AIは急速に進化し、人間の仕事に影響を与えています。しかし、人間にしかできない仕事もあり、AIが完全には代替することはできません。
2024-01-20 09:30:42.463406,テクノロジーは急速に進化しており、私たちの生活に大きな影響を与えています。
2024-01-20 09:34:09.046702,**河原を歩く女性、石を投げる、波紋広がる**
2024-01-20 09:34:39.777149,荷物を運ぶ車両。荷台を備え、荷物を積み下ろししやすい構造になっている。
2024-01-20 09:34:40.018905,トラックや進学関連の話題をお求めなら、専門知識とリソースを提供します。
2024-01-20 09:34:40.979075,立ち入り禁止区域にはトラックが入らないようにしましょう。
2024-01-20 09:34:41.124653,トラックやトレーラーで荷物を運び、世界経済を支える重要な役割を果たしています。
2024-01-20 09:34:41.700672,トラックの侵入により、道路が混雑し、事故のリスクが高まる。
2024-01-20 09:34:41.813057,トラックや車両の不法進入で警察が出動しました。
2024-01-20 09:34:42.420290,トラックは進入禁止区域に侵入してはなりません。
2024-01-20 09:34:42.751410,トラは力強く美しい野生生物。絶滅の危機に瀕しており、保護が必要です。
2024-01-20 09:34:43.066396,進入禁止エリアへのトラックの進入は禁止。安全と秩序を守るために厳守。
2024-01-20 09:34:43.323368,トラックや車両の進入を禁止する標識は、安全を守るためのルールです。
2024-01-20 09:34:44.340808,許可なく立ち入るべきではない区域には入らないこと。
2024-01-20 09:34:44.726888,トラックや進入禁止のエリアに立ち入らないでください。安全のため、ルールを守りましょう。
2024-01-20 09:34:44.737101,トラック進入禁止エリアは、あなたのためではありません。
2024-01-20 09:34:45.157748,立ち入り禁止エリアとトラックの侵入禁止を順守してください。
2024-01-20 09:34:45.206099,トラックや進入禁止エリアは、立ち入り禁止です。
2024-01-20 09:34:45.359080,車両進入禁止エリアに立ち入らないでください。
2024-01-20 09:38:03.513207,各クラスで集合写真を撮って終了。
2024-01-20 09:41:48.687409,AIは、人間の脳を模倣して学習し、問題を解決する機械です。
2024-01-20 09:45:10.723338,幼稚園の遠足、クラスごとに集合写真を撮り、幼稚園に戻る。
2024-01-20 09:47:03.670856,幼稚園児が遠足に行き、お弁当を食べ、遊んだ後、集合写真を撮って幼稚園に帰りました。
2024-01-20 09:47:40.625407,幼稚園の遠足は、各クラスで集合写真を撮ってから幼稚園に戻る予定。禁止区域への立ち入りは禁止されている。
2024-01-20 09:48:17.399037,読書は、知識を広げ、想像力を刺激し、心を豊かにする最高の趣味です。
